"Epic","Feature","Story","FAILED","BROKEN","PASSED","SKIPPED","UNKNOWN"
"","Dashboard","Checking Total User Tiles","1","0","0","0","0"
"","Order List","Verify Order list","0","0","1","0","0"
"","Order List","Create a Order for Customer ","0","0","1","0","0"
"","Dashboard","Checking Total Pending Tiles","0","0","1","0","0"
"","Dashboard","Checking Total user Active User Tiles","0","0","1","0","0"
"","Dashboard","Checking Total Sales Tiles","0","1","0","0","0"
"","Dashboard","Checking Inactive User Tiles","0","1","0","0","0"
"","Dashboard","Checking Active User Tiles","0","1","0","0","0"
"","Dashboard","Checking Total Order Tiles","1","0","0","0","0"
"","Order List","Create a New Customer ","0","1","0","0","0"
